first_name,last_name,age,gender,address
Luciana,Meints,22,F,100 Street St.
Savanna,Farrer,30,M,717 Street St.
Selena,Shadwick,59,F,756 Street St.
Mari,Burr,26,F,13 Street St.
Maricruz,Mccue,66,M,423 Street St.
Leota,Drago,18,F,683 Street St.
Lessie,Spillers,37,M,69 Street St.
Gigi,Morrissette,66,F,85 Street St.
Annita,Farner,47,M,71 Street St.
Felisha,Cornwall,42,F,20 Street St.
Corrinne,Jarvie,24,F,614 Street St.
Madelyn,Valasquez,57,F,942 Street St.
Jeanine,Greenhaw,34,M,583 Street St.
Cornell,Cosper,32,M,47 Street St.
Crystle,Snelgrove,55,M,942 Street St.
Mi,Reinoso,20,F,513 Street St.
Lisha,Tippie,40,F,278 Street St.
Iris,Boydston,46,F,97 Street St.
Alverta,Ryder,48,M,929 Street St.
Bobbye,Scianna,22,F,332 Street St.
Elva,Porter,35,M,330 Street St.
Rubin,Millette,64,M,825 Street St.
Buena,Bane,42,M,738 Street St.
Rebbecca,Roberts,51,F,98 Street St.
Claude,Swaim,35,F,100 Street St.
Leanne,Owens,63,M,792 Street St.
Ali,Brothers,70,M,914 Street St.
Ana,Near,21,M,378 Street St.
Keturah,Stills,36,M,75 Street St.
Dalene,Windholz,27,F,12 Street St.
Keira,Mitten,57,M,477 Street St.
Eddie,Current,32,F,985 Street St.
Kelsi,Morones,20,F,274 Street St.
Tai,Bella,26,M,414 Street St.
Deneen,Whitis,43,M,344 Street St.
Trula,Malchow,55,F,17 Street St.
Tonie,Knapper,54,M,881 Street St.
Eun,Andre,37,M,915 Street St.
Terrell,Hasson,24,M,733 Street St.
Rolf,Marotta,66,M,993 Street St.
Maile,Hanover,54,M,360 Street St.
Wilbert,Cullen,70,M,594 Street St.
Gussie,Heinz,33,F,100 Street St.
Jeri,Fu,62,M,851 Street St.
Abdul,Biron,22,M,309 Street St.
Barbara,Casson,19,M,460 Street St.
Dorie,Faucher,16,M,987 Street St.
Val,Graeber,52,M,537 Street St.
Dana,Teaster,16,M,128 Street St.
Clarinda,Inglis,23,F,199 Street St.
Audrea,Labrum,42,M,417 Street St.
Kimberlie,Carmody,69,M,299 Street St.
Silas,Dark,17,F,482 Street St.
Emilee,Dunmore,23,F,582 Street St.
Mariann,Hornbeck,63,M,119 Street St.
Tamika,Keith,62,F,775 Street St.
Gus,Janey,60,F,606 Street St.
Jazmin,Deherrera,28,M,139 Street St.
Amiee,Blocker,67,F,742 Street St.
Lise,Mccasland,29,M,807 Street St.
Jillian,Anker,32,M,11 Street St.
Newton,Ybanez,21,M,692 Street St.
Belkis,Almeda,19,F,93 Street St.
Laurine,Brassard,64,M,602 Street St.
Rich,Gaona,45,M,391 Street St.
Marcos,Phares,63,M,440 Street St.
Ronda,Burdette,29,M,947 Street St.
Fanny,Felberbaum,48,M,577 Street St.
Julie,Denardo,21,M,177 Street St.
Madelaine,Bolten,50,F,662 Street St.
Daine,Ruby,50,M,129 Street St.
Joette,Nachman,67,M,734 Street St.
Maud,Brainard,36,F,280 Street St.
Shela,Doughtie,20,M,556 Street St.
Karl,Dalzell,18,M,777 Street St.
Shayne,Romine,67,M,654 Street St.
Euna,Montalbo,25,F,207 Street St.
Kala,Mozee,67,F,858 Street St.
Antone,Bernstein,56,M,903 Street St.
Kiyoko,Gula,41,M,984 Street St.
Wallace,Hague,16,F,474 Street St.
Korey,Willams,61,F,430 Street St.
Gregoria,Durgan,54,M,585 Street St.
Bella,Funchess,39,F,858 Street St.
Porter,Saylor,42,M,64 Street St.
Trang,Conger,63,M,546 Street St.
Sueann,Shortridge,46,M,511 Street St.
Johnsie,Foster,50,M,45 Street St.
Isaura,Luton,26,M,916 Street St.
Maude,Compton,45,F,169 Street St.
Wai,Degeorge,31,M,949 Street St.
Jacalyn,Mode,53,F,668 Street St.
Lewis,Keating,25,M,475 Street St.
Ruby,Melendez,27,M,236 Street St.
Lakisha,Nunnally,40,F,279 Street St.
Deandre,Walston,19,M,437 Street St.
Latonya,Renfrew,47,M,741 Street St.
Lovetta,Gutman,43,F,391 Street St.
Gavin,Aquirre,17,F,608 Street St.
Nada,Rikard,53,M,602 Street St.
Lloyd,Cianciolo,47,F,29 Street St.
Annita,Locke,37,F,153 Street St.
Bethann,Parlin,51,M,186 Street St.
Johna,Ringgold,23,F,241 Street St.
Aurea,Martini,64,M,186 Street St.
Zetta,Waldrip,40,M,478 Street St.
Evangelina,Pauly,18,M,534 Street St.
Harley,Fussell,20,F,742 Street St.
Usha,Burchett,37,M,679 Street St.
Omega,Musselman,54,M,141 Street St.
Afton,Biondo,65,M,626 Street St.
Shaquita,Pabst,53,F,196 Street St.
Allegra,Mcafee,68,F,154 Street St.
Willena,Lentz,40,F,81 Street St.
Erlinda,Draughn,40,M,999 Street St.
Markus,Gilmer,55,F,847 Street St.
Lean,Lawhorn,31,M,724 Street St.
Yukiko,Oman,19,F,118 Street St.
Cornelia,Shrout,55,F,986 Street St.
Maribeth,Riebe,23,F,847 Street St.
Rolanda,Proto,47,F,868 Street St.
Casandra,Bear,66,M,206 Street St.
Madie,Waddell,59,F,392 Street St.
Malisa,Neiman,31,M,186 Street St.
Isabella,Treaster,67,M,74 Street St.
Mathilda,Woodbridge,38,F,871 Street St.
Amee,Hopp,33,F,660 Street St.
Murray,Reulet,45,M,482 Street St.
Becky,Gillespi,24,F,550 Street St.
Jeraldine,Titcomb,30,F,408 Street St.
Shandi,Doyon,19,F,871 Street St.
Breana,Camilleri,55,F,346 Street St.
Mirtha,Hiers,25,F,711 Street St.
Anika,Rogue,23,M,789 Street St.
Pilar,Woodfin,19,F,692 Street St.
Antione,Raulerson,44,M,601 Street St.
Geri,Wheless,37,M,20 Street St.
Perla,Cornforth,53,M,235 Street St.
Abbey,Mcquay,58,M,598 Street St.
Stephnie,Jepson,58,F,898 Street St.
Betty,Babb,42,F,648 Street St.
Kathrin,Pitcock,50,M,117 Street St.
Xenia,Pesola,20,F,865 Street St.
Azucena,Benevides,66,F,19 Street St.
Chelsey,Willhite,30,M,701 Street St.
Amado,Santi,37,M,585 Street St.
Willetta,Kettler,41,F,57 Street St.
Melaine,Labarre,59,M,395 Street St.
Oralia,To,19,F,638 Street St.
Genevive,Crumrine,56,F,569 Street St.
Marlin,Pendergrast,26,M,935 Street St.
Delbert,Merten,68,F,418 Street St.
Lorrine,Closson,48,F,696 Street St.
Arlen,Jimmerson,65,M,52 Street St.
Rosann,Fetters,34,M,300 Street St.
Darrel,Morejon,24,F,279 Street St.
Jolie,Mcgaughy,35,F,358 Street St.
Maye,Friday,35,F,280 Street St.
Clifford,Mongillo,53,M,447 Street St.
Dakota,Fidler,43,F,483 Street St.
Darrick,Gabriel,19,F,364 Street St.
Beaulah,Mannino,44,M,727 Street St.
Josef,Bulman,31,M,229 Street St.
Brenna,Coltharp,21,F,709 Street St.
Patrina,Master,29,M,271 Street St.
Andre,Hodges,60,M,60 Street St.
Granville,Demyan,65,F,776 Street St.
Conception,Polasek,23,M,820 Street St.
Nathalie,Weimar,46,M,385 Street St.
Basilia,Both,56,M,942 Street St.
Natalie,Wilken,39,F,624 Street St.
Angla,Orear,48,F,870 Street St.
September,Raatz,69,M,480 Street St.
Jame,Petrovich,56,F,448 Street St.
Signe,Swofford,30,M,610 Street St.
Kandy,Bautista,18,M,283 Street St.
Dannielle,Cipriani,16,F,234 Street St.
Bernarda,Mcaninch,59,F,872 Street St.
Latanya,Noriega,30,F,685 Street St.
Albert,Stilwell,56,M,131 Street St.
Maranda,Durling,44,F,328 Street St.
Reuben,Samora,47,M,944 Street St.
Elli,Delpriore,47,F,58 Street St.
Terrilyn,Fenstermaker,45,M,846 Street St.
Amee,Pickron,24,F,679 Street St.
Delphia,Mcelhaney,44,F,528 Street St.
Curt,Vanbuskirk,25,M,512 Street St.
Rosaria,Downard,28,M,932 Street St.
Peggie,Peart,53,M,742 Street St.
Tomika,Yorke,42,F,57 Street St.
Jamaal,Pummill,23,M,555 Street St.
Eloise,Burtner,53,M,912 Street St.
Quintin,Badalamenti,38,M,374 Street St.
Soon,James,67,F,638 Street St.
Javier,Yoho,28,F,299 Street St.
Bev,Admire,33,M,55 Street St.
Ta,Witmer,18,F,691 Street St.
Amelia,Gilchrist,18,M,913 Street St.
Tonda,Amar,29,F,206 Street St.
Hung,Lossing,58,M,4 Street St.
Fiona,Kissinger,16,M,446 Street St.
Gus,Franzoni,26,M,766 Street St.
Inez,Schroth,28,M,734 Street St.
Dede,Duggan,26,M,981 Street St.
Dominque,Gallaher,59,M,282 Street St.
Betsey,Palermo,67,M,33 Street St.
Garfield,Dawes,26,F,668 Street St.
Alfredo,Willman,32,F,240 Street St.
Colby,Maddox,46,M,591 Street St.
Kiyoko,Kliebert,38,M,510 Street St.
Eugena,Carwell,68,F,804 Street St.
Krystyna,Stambaugh,57,M,111 Street St.
Antony,Barrington,56,M,214 Street St.
Delbert,Guthmiller,42,M,557 Street St.
Tova,Cabell,58,F,607 Street St.
Jarred,Hasbrouck,63,M,671 Street St.
Joaquina,Jonason,64,F,154 Street St.
Meggan,Hallenbeck,69,M,509 Street St.
Rickie,Gaitan,36,F,65 Street St.
Katina,Bullen,59,M,580 Street St.
Renata,Wasilewski,44,F,758 Street St.
Gracia,Turbeville,68,M,582 Street St.
Mi,Chute,25,F,915 Street St.
Kris,Maize,21,M,284 Street St.
Mariano,Pille,64,F,973 Street St.
Brittanie,Golla,32,F,874 Street St.
Georgine,Edberg,53,F,664 Street St.
Concha,Bordeau,45,F,899 Street St.
Candida,Foret,42,M,527 Street St.
Sally,Beran,44,F,8 Street St.
Margart,Ayon,41,M,688 Street St.
Rosamond,Acheson,34,F,794 Street St.
Gregorio,Deshields,59,M,521 Street St.
Flora,Esch,53,F,145 Street St.
Edelmira,Mummert,24,F,493 Street St.
Shawanna,Fergerson,67,M,189 Street St.
Sang,Nolette,45,M,893 Street St.
Apryl,Skaggs,65,F,462 Street St.
Josef,Armor,51,M,968 Street St.
Rivka,Bivens,60,M,708 Street St.
Dalton,Seely,28,M,292 Street St.
Nubia,Arrieta,65,F,779 Street St.
Jeffrey,Getty,64,M,593 Street St.
Ezra,Dorr,67,F,614 Street St.
Necole,Nakayama,23,M,439 Street St.
Omer,Schranz,48,F,798 Street St.
Rosa,Littlepage,28,M,866 Street St.
Argelia,Knebel,48,F,333 Street St.
Soon,Fesler,32,M,279 Street St.
Melva,Burrows,53,M,230 Street St.
Douglas,Cox,51,F,638 Street St.
Felipe,Klein,21,M,668 Street St.
Amanda,Pierce,49,M,565 Street St.
Antonia,Fleming,30,M,409 Street St.
Bennie,Stewart,34,M,89 Street St.
Roy,Owen,63,M,965 Street St.
Kristina,Hayes,61,M,444 Street St.
Shelia,Mckenzie,56,F,904 Street St.
Gerardo,Flores,56,F,746 Street St.
Pedro,Evans,28,F,923 Street St.
Alexis,Goodman,37,F,495 Street St.
Peter,Hansen,28,F,767 Street St.
Adrienne,Lee,61,M,512 Street St.
Vincent,Webb,26,F,278 Street St.
Roger,Keller,50,M,652 Street St.
Rene,Campbell,45,F,469 Street St.
Michael,Carr,45,F,670 Street St.
Stanley,Herrera,28,M,816 Street St.
Boyd,Collins,62,F,976 Street St.
Monique,Howell,51,F,441 Street St.
Dwight,Bush,20,M,62 Street St.
Alex,Wolfe,54,M,868 Street St.
Marilyn,Barnes,45,F,975 Street St.
Lauren,Cortez,45,F,696 Street St.
Heidi,Palmer,44,F,305 Street St.
Joshua,Ramos,50,F,82 Street St.
Jamie,May,27,F,18 Street St.
Ed,Johnson,38,M,775 Street St.
Nelson,Larson,60,F,596 Street St.
Dana,Lopez,70,M,646 Street St.
Juan,Pope,68,M,12 Street St.
Virginia,West,23,F,381 Street St.
Meghan,Love,47,M,998 Street St.
Salvador,Byrd,51,M,750 Street St.
Cory,Rodriquez,36,F,822 Street St.
Duane,Jacobs,27,F,85 Street St.
Eunice,Sandoval,16,F,591 Street St.
Nancy,Ortega,54,M,537 Street St.
Harvey,Robinson,67,M,232 Street St.
Genevieve,Mendoza,43,F,664 Street St.
Rodolfo,Robbins,22,F,248 Street St.
Crystal,Hamilton,26,F,415 Street St.
Becky,Gill,69,M,548 Street St.
Pat,Harper,18,M,236 Street St.
Edna,Joseph,59,M,900 Street St.
Joanna,Douglas,44,M,762 Street St.
Guy,Brady,66,F,63 Street St.
Chelsea,Hodges,16,F,548 Street St.
Janis,Rice,25,F,631 Street St.
Robin,Haynes,54,F,692 Street St.
Jeanne,Bradley,70,M,813 Street St.
Blanche,Farmer,50,M,148 Street St.
Al,Oliver,32,F,808 Street St.
Ida,Harris,20,M,506 Street St.
Irvin,Bishop,70,M,751 Street St.
Darin,Hall,48,M,484 Street St.
Jana,Matthews,32,F,547 Street St.
Rochelle,Gibbs,54,F,513 Street St.
Merle,Porter,41,M,393 Street St.
Mattie,Caldwell,45,F,900 Street St.
Felicia,Mitchell,24,F,242 Street St.
James,Walton,65,F,897 Street St.
Pamela,Grant,25,F,948 Street St.
Isaac,Snyder,48,F,680 Street St.
Benjamin,Garcia,24,M,358 Street St.
Dustin,Davidson,61,M,117 Street St.
Ismael,Kelly,49,M,927 Street St.
Michelle,Gomez,62,M,310 Street St.
Olga,Smith,23,M,151 Street St.
Casey,Elliott,51,M,276 Street St.
Kristen,Banks,21,F,787 Street St.
Darrell,Blair,53,F,844 Street St.
Pam,Stevenson,61,M,661 Street St.
Marcia,Kim,58,M,390 Street St.
Gwendolyn,Hernandez,42,M,852 Street St.
Clifford,Mack,24,M,562 Street St.
Bobbie,Craig,68,M,340 Street St.
Emma,Hoffman,27,M,402 Street St.
Glenn,Cobb,18,M,356 Street St.
George,Conner,51,F,54 Street St.
Jimmy,Boyd,30,M,309 Street St.
Ervin,Salazar,27,M,16 Street St.
Sandy,Young,37,M,435 Street St.
Andrew,Brooks,28,F,944 Street St.
Perry,Holland,29,M,775 Street St.
Jason,Castillo,27,M,832 Street St.
Alton,Obrien,54,M,73 Street St.
Frank,Gonzalez,65,F,632 Street St.
Jasmine,Lane,50,M,526 Street St.
Ernesto,Mckinney,35,F,615 Street St.
Lawrence,Wallace,59,M,751 Street St.
Laura,Mullins,64,F,382 Street St.
Erick,Reed,63,M,766 Street St.
Lillian,Gregory,17,M,879 Street St.
Marlene,Carlson,32,M,325 Street St.
Amos,Cook,22,F,520 Street St.
Israel,Morton,35,M,637 Street St.
Valerie,Ramsey,67,F,151 Street St.
Nellie,Turner,46,F,274 Street St.
Yolanda,Guzman,56,F,966 Street St.
Tammy,Brown,35,F,212 Street St.
Jessica,Morris,32,F,947 Street St.
Roger,Miller,39,F,239 Street St.
Amanda,Simmons,20,F,520 Street St.
Janet,Clark,34,F,149 Street St.
Kathryn,Barnes,20,F,486 Street St.
Julie,Brooks,51,M,887 Street St.
Harold,Butler,16,M,72 Street St.
Patricia,Alexander,28,M,701 Street St.
Tina,Bell,31,M,21 Street St.
Lois,Washington,19,M,974 Street St.
Adam,Cox,47,F,555 Street St.
Willie,Rogers,18,M,483 Street St.
Frank,Parker,65,F,11 Street St.
Ronald,Flores,27,F,598 Street St.
Sharon,Diaz,54,M,743 Street St.
Phyllis,Henderson,65,F,852 Street St.
Debra,Gonzalez,28,F,183 Street St.
Lisa,Carter,54,M,899 Street St.
Frances,Hughes,69,F,736 Street St.
Gary,King,70,F,893 Street St.
Susan,Ramirez,20,M,924 Street St.
Denise,Patterson,41,F,169 Street St.
Louis,Davis,48,F,865 Street St.
Patrick,Moore,20,F,945 Street St.
Justin,Gray,32,M,187 Street St.
Lori,Griffin,64,F,688 Street St.
Sandra,Jackson,40,F,846 Street St.
Billy,Green,22,M,337 Street St.
Joshua,Ross,64,F,379 Street St.
Shirley,Adams,46,F,551 Street St.
Anna,Harris,30,F,643 Street St.
Jack,James,23,M,793 Street St.
Jean,Perez,26,F,532 Street St.
Gerald,Scott,23,F,723 Street St.
Carol,Peterson,69,F,233 Street St.
Samuel,Wood,18,F,87 Street St.
Gloria,Sanders,51,M,480 Street St.
Beverly,Lee,24,F,949 Street St.
Douglas,Edwards,25,F,686 Street St.
Doris,Williams,60,F,159 Street St.
Kathleen,Martin,54,M,297 Street St.
Joseph,Turner,39,M,352 Street St.
Brenda,Thomas,32,F,601 Street St.
Fred,Hernandez,55,M,327 Street St.
Ann,Smith,42,M,772 Street St.
Jeffrey,Reed,29,M,48 Street St.
Philip,Stewart,32,F,166 Street St.
Carolyn,Allen,67,M,940 Street St.
Judith,Perry,23,F,157 Street St.
Russell,Torres,69,F,986 Street St.
Lawrence,Morgan,56,F,803 Street St.
Brandon,Wilson,30,M,815 Street St.
Andrew,Bailey,28,M,579 Street St.
Albert,Collins,57,F,916 Street St.
Kevin,Lopez,55,M,604 Street St.
Jennifer,Cooper,20,M,928 Street St.
Paula,Martinez,46,M,63 Street St.
Laura,Howard,69,M,179 Street St.
Alan,Baker,59,F,994 Street St.
Ernest,Campbell,48,M,526 Street St.
Lillian,Wright,61,M,769 Street St.
Terry,Rivera,24,F,677 Street St.
Norma,Jones,51,M,237 Street St.
Matthew,Lewis,64,M,101 Street St.
Annie,Ward,16,F,256 Street St.
Sarah,Roberts,48,M,784 Street St.
Donna,Sanchez,23,F,322 Street St.
Earl,Russell,46,F,798 Street St.
Evelyn,Garcia,70,F,116 Street St.
Sara,Johnson,50,M,562 Street St.
Jacqueline,Taylor,49,F,868 Street St.
Rachel,Evans,38,F,915 Street St.
Phillip,Cook,37,F,956 Street St.
Bruce,Hall,51,M,919 Street St.
Marilyn,Robinson,42,M,814 Street St.
Maria,Walker,31,M,741 Street St.
Edward,Gonzales,21,M,899 Street St.
Martin,Watson,55,M,78 Street St.
Joe,Hill,18,F,527 Street St.
Margaret,Jenkins,31,F,30 Street St.
Angela,Coleman,29,M,283 Street St.
Christopher,Bennett,59,F,856 Street St.
Janice,Powell,38,F,589 Street St.
Sean,Bryant,58,M,598 Street St.
Diana,Kelly,27,M,520 Street St.
Steven,Anderson,38,F,475 Street St.
Virginia,Nelson,70,M,210 Street St.
Michael,Murphy,53,F,297 Street St.
Ashley,Young,36,M,843 Street St.
Jane,Mitchell,27,M,834 Street St.
Catherine,Richardson,42,F,499 Street St.
Bobby,Thompson,36,F,296 Street St.
Jesse,Phillips,27,F,490 Street St.
Carl,Rodriguez,27,M,867 Street St.
Karen,Long,64,M,418 Street St.
Nicholas,Foster,35,F,513 Street St.
Richard,Price,56,F,533 Street St.
Christina,White,23,F,353 Street St.
Kimberly,Lopez,36,M,155 Street St.
Fred,Lewis,54,M,423 Street St.
Melissa,Bryant,65,M,221 Street St.
Lawrence,Johnson,53,M,141 Street St.
Aaron,Alexander,19,F,470 Street St.
Jerry,Barnes,50,M,615 Street St.
Amy,Sanders,18,M,805 Street St.
Eric,Baker,53,M,955 Street St.
Jimmy,Russell,50,M,170 Street St.
Shirley,Garcia,31,F,886 Street St.
Gary,Walker,54,M,286 Street St.
Alan,Powell,43,M,95 Street St.
Victor,Roberts,46,F,966 Street St.
Edward,Howard,67,F,775 Street St.
Raymond,Rodriguez,35,M,162 Street St.
Angela,Cooper,64,M,631 Street St.
Ruth,Henderson,55,F,156 Street St.
Charles,Davis,61,M,316 Street St.
Richard,Washington,26,M,57 Street St.
Dennis,Gonzalez,23,F,358 Street St.
Benjamin,Diaz,53,F,607 Street St.
Kelly,Anderson,22,F,641 Street St.
David,Wood,22,F,386 Street St.
Martin,Moore,51,F,506 Street St.
Julia,Hughes,69,M,967 Street St.
Joe,Martin,17,F,593 Street St.
Roy,Patterson,19,F,887 Street St.
Joseph,Peterson,53,F,533 Street St.
Carol,Watson,56,F,170 Street St.
Debra,Allen,23,F,369 Street St.
Paul,Gonzales,43,F,428 Street St.
Bruce,Hernandez,31,M,200 Street St.
Phyllis,Jackson,38,M,179 Street St.
Teresa,Cox,21,M,657 Street St.
Janet,Gray,53,F,981 Street St.
Cheryl,King,26,F,686 Street St.
Robert,Flores,49,F,214 Street St.
Janice,Torres,62,F,145 Street St.
Frances,Thomas,35,M,971 Street St.
Lillian,Adams,32,F,837 Street St.
Ronald,Cook,49,M,249 Street St.
Joyce,Turner,22,F,559 Street St.
Steven,Ross,18,M,815 Street St.
Albert,Young,27,F,694 Street St.
Alice,Jones,60,F,23 Street St.
Mildred,Collins,53,F,530 Street St.
Jacqueline,Mitchell,22,F,879 Street St.
Anne,Griffin,29,F,704 Street St.
Daniel,Reed,45,F,199 Street St.
Wayne,Hill,55,F,851 Street St.
Billy,Wilson,47,F,976 Street St.
George,Ward,18,M,829 Street St.
Marilyn,Clark,55,F,300 Street St.
Larry,Jenkins,48,F,152 Street St.
Sean,White,16,F,519 Street St.
Linda,Foster,62,F,359 Street St.
Andrea,Murphy,62,F,64 Street St.
Margaret,Richardson,66,F,624 Street St.
Kevin,Morgan,26,F,599 Street St.
Heather,Taylor,17,M,579 Street St.
Martha,Carter,60,M,3 Street St.
Jonathan,Edwards,17,F,710 Street St.
Deborah,Lee,50,M,479 Street St.
Paula,Coleman,38,M,492 Street St.
Nancy,James,58,F,272 Street St.
Sara,Scott,59,F,985 Street St.
Helen,Martinez,62,M,803 Street St.
Joshua,Bell,69,F,617 Street St.
Stephanie,Green,63,M,536 Street St.
Virginia,Stewart,49,F,628 Street St.
Patricia,Morris,57,F,223 Street St.
Barbara,Bennett,57,M,757 Street St.
Walter,Long,44,M,838 Street St.
Chris,Perez,46,M,272 Street St.
Samuel,Brown,18,F,893 Street St.
Roger,Rogers,52,M,636 Street St.
Ernest,Hall,47,M,255 Street St.
Betty,Smith,53,M,26 Street St.
Bobby,Brooks,17,F,265 Street St.
Henry,Rivera,26,F,278 Street St.
John,Price,67,M,165 Street St.
Timothy,Harris,57,F,415 Street St.
Thomas,Wright,16,F,49 Street St.
Arthur,Miller,37,F,761 Street St.
Douglas,Phillips,66,F,933 Street St.
Donald,Simmons,57,M,691 Street St.
Christine,Nelson,48,M,207 Street St.
Keith,Evans,57,M,387 Street St.
Ruby,Kelly,45,M,245 Street St.
Cynthia,Campbell,17,F,451 Street St.
Juan,Butler,45,M,985 Street St.
Tammy,Parker,22,M,704 Street St.
Brandon,Bailey,24,M,618 Street St.
Louise,Robinson,17,M,876 Street St.
Michelle,Williams,34,M,739 Street St.
Wanda,Ramirez,43,M,603 Street St.
Carlos,Sanchez,48,M,322 Street St.
Mary,Perry,31,F,538 Street St.
Carolyn,Thompson,26,F,265 Street St.
Gloria,Nelson,21,M,789 Street St.
Charles,Alexander,26,M,664 Street St.
Edward,Robinson,49,F,126 Street St.
Patrick,Richardson,35,F,203 Street St.
Angela,Henderson,66,M,426 Street St.
Victor,Young,58,F,449 Street St.
Betty,King,68,M,840 Street St.
Anna,Scott,26,M,907 Street St.
Patricia,Carter,46,M,559 Street St.
Carl,Wilson,19,F,664 Street St.
Teresa,Torres,33,F,179 Street St.
Mark,Moore,26,M,191 Street St.
Anne,Martinez,54,F,997 Street St.
Harry,Walker,49,F,452 Street St.
Timothy,Barnes,29,M,350 Street St.
Kimberly,Cook,31,M,858 Street St.
Ryan,Kelly,42,M,972 Street St.
Sandra,Anderson,63,F,845 Street St.
Janet,Foster,59,M,291 Street St.
Emily,Russell,46,F,101 Street St.
Randy,Rodriguez,21,F,153 Street St.
Samuel,Ward,70,M,406 Street St.
Justin,Collins,35,M,989 Street St.
Maria,Ross,19,F,395 Street St.
Evelyn,Gonzales,24,F,643 Street St.
Stephanie,Taylor,67,M,176 Street St.
Amanda,Bailey,22,F,371 Street St.
Gary,Brooks,55,M,182 Street St.
Susan,Mitchell,20,M,759 Street St.
Phyllis,Green,42,F,243 Street St.
Jennifer,Gonzalez,51,F,468 Street St.
Louise,Perez,39,F,892 Street St.
Donald,White,59,M,955 Street St.
Albert,Flores,17,F,365 Street St.
Melissa,Cox,44,F,178 Street St.
Irene,Price,61,F,50 Street St.
Barbara,Adams,70,M,46 Street St.
Rose,Harris,45,F,513 Street St.
Gregory,Wright,27,F,175 Street St.
Joe,Edwards,63,M,52 Street St.
Andrea,Coleman,42,M,232 Street St.
Jacqueline,Butler,16,F,598 Street St.
Carolyn,Hall,39,F,535 Street St.
Eric,Bell,28,M,790 Street St.
Marilyn,Thompson,56,M,53 Street St.
Helen,Watson,31,F,796 Street St.
Arthur,Lewis,33,M,886 Street St.
Steve,Garcia,23,M,521 Street St.
David,Simmons,60,F,2 Street St.
Brandon,Perry,23,M,544 Street St.
Carol,Rogers,28,M,132 Street St.
Diane,Bennett,52,M,526 Street St.
Brian,Brown,51,M,329 Street St.
Lori,Ramirez,47,F,206 Street St.
Aaron,Johnson,69,F,547 Street St.
Ruth,Cooper,56,M,487 Street St.
Martin,Hernandez,38,M,590 Street St.
Ashley,Howard,36,F,61 Street St.
Nicole,Jones,59,M,401 Street St.
Henry,Phillips,42,F,354 Street St.
Alice,James,68,M,295 Street St.
Jeffrey,Hill,65,F,22 Street St.
Russell,Long,36,M,31 Street St.
Christina,Lee,36,M,601 Street St.
Joseph,Rivera,65,M,572 Street St.
Denise,Sanchez,51,F,439 Street St.
Kathryn,Smith,17,F,327 Street St.
Beverly,Sanders,43,M,864 Street St.
Frank,Miller,42,M,170 Street St.
Margaret,Parker,70,M,885 Street St.
Deborah,Roberts,21,M,733 Street St.
Paul,Morgan,17,F,483 Street St.
Tina,Wood,22,F,164 Street St.
Chris,Jackson,64,M,632 Street St.
Ann,Lopez,64,F,127 Street St.
James,Turner,39,F,521 Street St.
Virginia,Patterson,59,F,495 Street St.
Dennis,Diaz,44,M,35 Street St.
Larry,Gray,53,F,572 Street St.
Jason,Peterson,65,F,214 Street St.
Dorothy,Thomas,67,F,362 Street St.
Joshua,Clark,54,F,996 Street St.
Judith,Powell,31,M,329 Street St.
Anthony,Stewart,21,M,505 Street St.
Laura,Allen,58,F,361 Street St.
Katherine,Griffin,56,F,398 Street St.
Frances,Baker,63,M,547 Street St.
Craig,Washington,70,F,36 Street St.
Walter,Davis,19,F,416 Street St.
Billy,Williams,20,M,309 Street St.
Linda,Martin,60,F,157 Street St.
Annie,Murphy,47,F,830 Street St.
Ronald,Evans,19,M,772 Street St.
Mildred,Morris,49,M,108 Street St.
Amy,Hughes,41,F,298 Street St.
Stephen,Campbell,44,M,602 Street St.
Bonnie,Reed,47,M,518 Street St.
Theresa,Jenkins,26,F,495 Street St.
Michelle,Bryant,56,F,689 Street St.
Richard,Rodriguez,50,F,278 Street St.
Norma,Jenkins,59,M,933 Street St.
Randy,Campbell,34,F,15 Street St.
Jennifer,Jones,29,M,793 Street St.
Virginia,Bailey,36,F,844 Street St.
Carol,Garcia,40,F,680 Street St.
Betty,Griffin,17,M,400 Street St.
Michael,Russell,52,M,557 Street St.
Jack,Miller,16,F,692 Street St.
Irene,Johnson,36,M,809 Street St.
Willie,Davis,48,M,613 Street St.
Eric,Hughes,29,F,910 Street St.
Alice,Robinson,23,F,408 Street St.
Nicole,Harris,33,M,733 Street St.
Susan,Cooper,16,M,519 Street St.
Marilyn,Reed,33,M,911 Street St.
Howard,Diaz,46,M,551 Street St.
Anna,Lopez,16,F,842 Street St.
Mark,Wilson,21,M,476 Street St.
Edward,Roberts,21,M,320 Street St.
Benjamin,Howard,30,F,212 Street St.
Arthur,Wright,48,M,668 Street St.
Debra,Powell,25,M,446 Street St.
Judy,Rivera,55,F,2 Street St.
Julia,Perry,37,F,664 Street St.
Earl,Williams,34,M,147 Street St.
Nicholas,Foster,51,M,816 Street St.
Paula,Coleman,51,M,595 Street St.
Todd,Parker,24,M,916 Street St.
Dorothy,White,53,M,25 Street St.
Beverly,Bell,57,F,168 Street St.
Albert,Ross,18,M,814 Street St.
Rachel,Carter,22,M,340 Street St.
Sandra,Lee,51,F,277 Street St.
Samuel,Evans,47,F,808 Street St.
Karen,Ramirez,32,F,775 Street St.
Christopher,Green,58,M,547 Street St.
Kenneth,Watson,52,M,530 Street St.
Jose,Morris,57,F,705 Street St.
Adam,Adams,37,M,494 Street St.
Brenda,Smith,66,M,525 Street St.
Maria,Sanchez,19,F,16 Street St.
Robert,Wood,22,F,12 Street St.
Fred,Sanders,20,M,262 Street St.
Victor,Ward,55,F,437 Street St.
Ruby,Henderson,66,M,582 Street St.
Barbara,Long,65,F,165 Street St.
Walter,Brown,58,F,885 Street St.
Marie,Scott,29,F,91 Street St.
Ronald,Clark,36,F,804 Street St.
Tina,Moore,54,F,66 Street St.
Joseph,Allen,35,F,481 Street St.
Nancy,Patterson,58,F,61 Street St.
Jeffrey,Cox,28,F,543 Street St.
Diane,Stewart,29,M,910 Street St.
Gerald,Peterson,61,M,27 Street St.
Roy,Walker,35,F,237 Street St.
Aaron,Thompson,30,F,884 Street St.
Craig,Washington,61,M,134 Street St.
Kimberly,Torres,63,M,452 Street St.
Pamela,Martin,32,F,227 Street St.
Kathryn,Mitchell,45,M,902 Street St.
Amy,Cook,43,M,387 Street St.
Johnny,Rogers,68,M,640 Street St.
Ryan,Martinez,30,F,486 Street St.
Juan,Lewis,40,F,686 Street St.
Shirley,James,24,F,884 Street St.
Ruth,Barnes,24,M,248 Street St.
Stephanie,Kelly,28,M,469 Street St.
Stephen,Edwards,59,M,645 Street St.
Phillip,Collins,59,F,58 Street St.
Gary,Bennett,55,M,254 Street St.
Roger,Brooks,56,F,527 Street St.
Kelly,Richardson,45,M,503 Street St.
Wanda,Alexander,24,F,222 Street St.
James,Simmons,65,M,694 Street St.
Linda,Price,57,M,535 Street St.
Julie,Baker,57,M,330 Street St.
Christina,Jackson,21,M,458 Street St.
Dennis,Hall,43,F,75 Street St.
Joan,Morgan,53,M,469 Street St.
Wayne,Taylor,46,M,888 Street St.
Eugene,Young,25,F,690 Street St.
Charles,Gonzalez,69,M,350 Street St.
Judith,Anderson,53,F,620 Street St.
Rebecca,Turner,57,F,627 Street St.
Lawrence,Butler,69,F,895 Street St.
Cheryl,Thomas,34,F,495 Street St.
Steve,Bryant,38,M,647 Street St.
Bonnie,Hernandez,26,F,364 Street St.
Timothy,Phillips,58,M,898 Street St.
Jean,Gonzales,66,M,327 Street St.
David,Flores,52,M,647 Street St.
Jacqueline,Hill,29,M,885 Street St.
William,Perez,29,M,639 Street St.
Anthony,Gray,17,M,600 Street St.
Henry,Nelson,33,F,232 Street St.
Steven,Murphy,17,F,760 Street St.
Russell,King,41,M,555 Street St.
Lucy,Waters,53,M,361 Street St.
Jacob,Erickson,70,F,317 Street St.
Ralph,Jefferson,47,F,69 Street St.
Mona,Roberts,21,M,167 Street St.
Lila,Hamilton,28,M,569 Street St.
Nancy,Wagner,39,F,402 Street St.
Jamie,Shaw,56,F,585 Street St.
Darlene,Warner,43,F,842 Street St.
Donnie,Park,61,F,383 Street St.
Wayne,Cole,23,M,319 Street St.
Kelley,Griffin,27,F,234 Street St.
Sherman,Norton,18,M,166 Street St.
May,Lynch,16,F,476 Street St.
Colleen,Mendoza,17,F,492 Street St.
Frances,Clarke,24,M,993 Street St.
Bennie,Fuller,19,M,601 Street St.
Kendra,Sherman,22,M,875 Street St.
Ashley,Potter,52,F,417 Street St.
Gary,Yates,65,F,543 Street St.
Jake,Murphy,36,F,702 Street St.
Felicia,Dean,47,F,824 Street St.
Mario,Walton,46,M,929 Street St.
Stuart,Jackson,50,M,599 Street St.
Minnie,Montgomery,57,M,789 Street St.
Russell,Tran,63,F,298 Street St.
Iris,Nguyen,53,F,578 Street St.
Gretchen,Briggs,32,F,426 Street St.
Sheldon,Cruz,45,M,689 Street St.
Joe,Vargas,59,M,629 Street St.
Rosalie,Mathis,58,M,432 Street St.
Penny,Johnson,32,F,402 Street St.
Kristy,Sullivan,27,F,921 Street St.
Dawn,Padilla,44,F,6 Street St.
Jeremy,Gregory,39,F,464 Street St.
Marilyn,Valdez,28,M,598 Street St.
Henry,Fleming,32,F,143 Street St.
Oscar,Brady,44,M,733 Street St.
Grady,Buchanan,17,M,530 Street St.
Lynn,Ford,60,M,479 Street St.
Lydia,Pittman,60,M,730 Street St.
Clint,Morton,64,F,559 Street St.
Clayton,Hale,22,F,410 Street St.
Alberto,Clark,32,M,547 Street St.
Shelia,Banks,20,M,264 Street St.
Vanessa,Gomez,31,M,185 Street St.
Winifred,Colon,69,M,222 Street St.
Eduardo,Carlson,22,M,275 Street St.
Robyn,Lambert,35,M,385 Street St.
Lynn,Logan,32,M,759 Street St.
Alfredo,Knight,60,F,562 Street St.
Roman,Floyd,36,M,260 Street St.
Brendan,Shelton,16,F,917 Street St.
Johnnie,Baker,19,M,193 Street St.
Sylvester,Morris,31,F,333 Street St.
Charles,Wood,22,F,397 Street St.
Boyd,Keller,64,M,870 Street St.
Susan,Riley,57,F,225 Street St.
Camille,Carroll,28,F,966 Street St.
Maureen,Wilkerson,68,M,169 Street St.
Dennis,Drake,35,M,683 Street St.
Morris,Medina,67,M,915 Street St.
Darrell,Moran,61,F,261 Street St.
Toby,Ross,65,M,156 Street St.
Eric,Brooks,64,F,983 Street St.
Darrel,Mccoy,25,M,608 Street St.
Janice,Woods,44,M,609 Street St.
Lois,Mccormick,55,F,627 Street St.
Forrest,Gilbert,34,F,201 Street St.
Norma,Bowman,62,F,284 Street St.
Emanuel,Gray,60,M,599 Street St.
Megan,Burton,43,F,516 Street St.
Barbara,Romero,62,M,508 Street St.
Shannon,Peterson,17,F,663 Street St.
Pam,Graves,22,F,573 Street St.
Ira,Mcbride,17,F,767 Street St.
Kellie,Owens,36,M,195 Street St.
Guy,Tate,36,M,423 Street St.
Dave,Scott,34,M,244 Street St.
Dora,Butler,16,F,758 Street St.
Inez,Collins,18,F,108 Street St.
Silvia,Welch,18,M,301 Street St.
Blanche,Parsons,60,F,396 Street St.
Rosemarie,Guzman,23,M,330 Street St.
Jorge,Vasquez,40,F,154 Street St.
Wade,Burns,30,M,698 Street St.
Rudolph,Gross,39,M,146 Street St.
Frankie,Moss,31,F,875 Street St.
Alonzo,Fowler,24,F,397 Street St.
Leland,Mills,20,F,847 Street St.
Francis,Delgado,61,M,667 Street St.
Jimmy,Caldwell,31,F,752 Street St.
Timmy,Rodriguez,50,M,510 Street St.
Matt,Norris,57,F,944 Street St.
Lorraine,Tyler,52,M,843 Street St.
Loren,Morales,40,F,17 Street St.
Eloise,Palmer,46,M,453 Street St.
Benny,Castro,33,M,838 Street St.
Rufus,Anderson,27,M,970 Street St.
Troy,Spencer,16,M,628 Street St.
Raul,Mccarthy,66,F,405 Street St.
Marian,Rodriguez,39,M,937 Street St.
Tony,Castro,68,F,539 Street St.
Carlton,Saunders,68,M,751 Street St.
Mable,Lee,47,M,885 Street St.
Leigh,Ray,40,F,689 Street St.
Elvira,Foster,42,M,944 Street St.
Michael,Crawford,60,F,494 Street St.
Edwin,Perez,25,F,892 Street St.
Ruben,Rios,42,M,148 Street St.
Angela,Floyd,24,F,766 Street St.
Pearl,Lawrence,57,M,501 Street St.
Jessie,Swanson,24,F,722 Street St.
Jaime,Spencer,60,M,980 Street St.
Howard,Keller,18,F,554 Street St.
Terri,Yates,63,M,935 Street St.
Brad,Jimenez,21,F,710 Street St.
George,Allen,20,F,60 Street St.
Randal,Scott,18,M,689 Street St.
Albert,Montgomery,43,M,971 Street St.
Ida,Russell,45,M,624 Street St.
Michelle,Cain,21,F,316 Street St.
Verna,Hubbard,27,M,932 Street St.
Lena,Pena,69,F,14 Street St.
Emilio,Delgado,36,F,672 Street St.
Gilbert,Carr,62,M,2 Street St.
Cathy,Santos,69,F,126 Street St.
Terrance,Burton,69,M,512 Street St.
Blanche,Patton,70,M,772 Street St.
Marcus,Malone,23,F,437 Street St.
Judy,Morales,47,M,72 Street St.
Byron,Figueroa,41,F,668 Street St.
Chris,Watkins,61,F,519 Street St.
Loren,Douglas,62,M,706 Street St.
Clark,Underwood,50,M,991 Street St.
Clara,Huff,29,F,857 Street St.
Fannie,Barnes,19,F,914 Street St.
Jorge,Stanley,26,F,595 Street St.
Hattie,Oliver,45,M,324 Street St.
Minnie,Duncan,64,F,900 Street St.
Doyle,Patterson,18,F,75 Street St.
Spencer,Ramirez,45,F,857 Street St.
Marion,Wagner,38,F,842 Street St.
Kay,Jones,30,F,814 Street St.
Lionel,Nichols,62,M,677 Street St.
Janie,Lane,70,M,174 Street St.
Salvatore,Hall,32,F,391 Street St.
Christopher,Lawson,28,F,728 Street St.
Jason,Thomas,35,M,387 Street St.
Bruce,Lowe,16,F,253 Street St.
Melanie,Walton,25,F,826 Street St.
Derrick,Ingram,35,M,871 Street St.
Todd,Mack,70,M,190 Street St.
Rene,Waters,44,F,410 Street St.
Jesus,Harris,17,F,644 Street St.
Lee,Bradley,68,F,439 Street St.
Roberta,Moss,40,M,258 Street St.
Rudolph,Terry,16,F,537 Street St.
Jean,Ward,44,F,675 Street St.
Dora,Stewart,16,F,734 Street St.
Tiffany,Palmer,65,F,286 Street St.
Otis,Park,55,F,754 Street St.
Candice,Cook,57,F,578 Street St.
Zachary,Wilson,64,F,924 Street St.
Antoinette,Mitchell,30,F,878 Street St.
Wanda,Buchanan,23,F,917 Street St.
Margie,Wilkerson,39,F,388 Street St.
Jenna,Bennett,28,M,111 Street St.
Wilson,Newman,55,F,80 Street St.
Terry,Andrews,42,F,600 Street St.
Ernesto,Howard,39,F,312 Street St.
Gerard,Mann,69,M,958 Street St.
Bethany,Estrada,40,F,568 Street St.
Geneva,Ball,19,M,925 Street St.
Cheryl,Moody,70,F,216 Street St.
Genevieve,Torres,31,M,936 Street St.
Sherri,Stokes,29,F,94 Street St.
Emmett,Potter,31,M,320 Street St.
Betty,Mcdaniel,52,M,138 Street St.
Jermaine,Mason,45,F,956 Street St.
Lynn,Lucas,61,M,21 Street St.
Courtney,Gregory,34,F,298 Street St.
Kelly,Reeves,51,F,69 Street St.
Aaron,Owen,21,F,456 Street St.
Harriet,Williams,28,M,13 Street St.
Stacey,Soto,19,M,414 Street St.
Ben,Lambert,51,F,883 Street St.
Harvey,Walsh,38,M,778 Street St.
Jody,Snyder,68,F,518 Street St.
Joan,West,37,F,961 Street St.
Benny,Kim,18,M,609 Street St.
Elsa,Weaver,20,M,366 Street St.
Pauline,Valdez,16,F,411 Street St.
Julio,Cross,23,M,741 Street St.
Jenny,Rhodes,52,M,313 Street St.
Bobbie,Butler,70,M,829 Street St.
Charlene,Clark,45,F,272 Street St.
Cory,Berry,57,M,170 Street St.
Cedric,Cox,55,F,221 Street St.
Ricky,Medina,21,F,692 Street St.
Alma,Barnett,26,F,914 Street St.
Karin,Ruth,69,F,144 Street St.
Venice,Richter,67,M,923 Street St.
Elliott,Mccullough,65,F,593 Street St.
Shandra,Humphries,69,M,576 Street St.
Laurene,Stafford,42,F,857 Street St.
Lahoma,Moffitt,68,M,701 Street St.
Lorriane,Conaway,63,M,263 Street St.
Nickie,Barrow,61,F,812 Street St.
Helaine,Neeley,61,F,991 Street St.
Graig,Passmore,43,F,993 Street St.
Roxane,Riggins,34,F,390 Street St.
Eugena,Giroux,24,M,505 Street St.
Janel,Bone,35,F,876 Street St.
Albert,Talbott,69,M,239 Street St.
Denese,Ramsay,42,M,761 Street St.
Sherie,Sandlin,51,F,198 Street St.
Virgen,Frantz,60,M,579 Street St.
Alec,Isaacson,36,M,449 Street St.
Laci,Yost,28,M,386 Street St.
Lauretta,Cherry,65,F,52 Street St.
Ladawn,Triplett,41,F,820 Street St.
Moises,Prichard,45,M,992 Street St.
Carey,Landry,49,F,927 Street St.
Latasha,Dozier,43,M,306 Street St.
Herminia,Snell,27,M,547 Street St.
Daniell,Ricker,25,F,863 Street St.
Claribel,Shively,64,M,570 Street St.
Marx,Burris,50,M,148 Street St.
Cassondra,Kasper,55,F,582 Street St.
Delmer,Derrick,44,M,186 Street St.
Hae,Pauley,32,M,824 Street St.
Arline,Simons,39,M,180 Street St.
Eldridge,Tyner,32,F,149 Street St.
Jetta,Grover,30,F,526 Street St.
Liberty,Hardesty,51,M,253 Street St.
Vance,Beard,27,F,837 Street St.
Janey,Condon,68,M,245 Street St.
Susana,Provost,20,M,573 Street St.
Laurice,Fortier,63,M,271 Street St.
Deshawn,Adair,69,F,794 Street St.
Gillian,Ohara,53,F,342 Street St.
Lona,Simpkins,22,M,154 Street St.
Cammy,Funderburk,39,F,29 Street St.
Nelia,Ransom,22,M,643 Street St.
Angeles,Fishman,50,F,911 Street St.
Lourie,Groce,54,M,322 Street St.
Carmelita,Gary,57,F,417 Street St.
Cleveland,Oneil,34,M,441 Street St.
Dedra,Flint,54,M,981 Street St.
Monty,Armstead,51,F,403 Street St.
Darcy,Hudgens,26,M,618 Street St.
Linn,Sauer,33,M,590 Street St.
Neely,Irizarry,66,F,906 Street St.
Sally,Smith,22,F,235 Street St.
Sally,Sandlin,44,F,80 Street St.
Sally,Smeth,33,F,371 Street St.
Sally,Sandburg,65,F,470 Street St.
Sally,Schmitick,38,F,442 Street St.
